Метод,"RMSE, м",Стандартное отклонение,"Время, мкс/точка"
Линейная,9.005649899922858,5.893854988966592,0.22964115487411618
Лагранж,2744.490726046522,6530.541765276762,58.96215981050773
Кубический сплайн,9.509181260803334,9.058859665455198,28.908483485429315
B-сплайн,9.536815907131684,9.071533866173803,2.650107055051194
Motion-aware,7.225809420029821,4.621549439665071,1.5338272405278985
