Метод,"RMSE, м",Стандартное отклонение
Линейная,2.8902247982799616,1.9463260872667953
Лагранж,54986083.374837615,190477364.46507332
Кубический сплайн,1.8449628015768553,1.0809986264504674
B-сплайн,3.7969576398922658,6.7477363946066005
Motion-aware,2.3416105897539476,1.5247400647156428
